,UT,indirect_count,direct_count,target
0,DIIDW:1994074556,51,12.0,31.5
1,DIIDW:1994217381,16,6.0,11.0
2,DIIDW:1994217382,43,4.0,23.5
3,DIIDW:1994357642,2,3.0,2.5
4,DIIDW:1995060738,27,11.0,19.0
5,DIIDW:1994310194,8,4.0,6.0
6,DIIDW:1998483673,5,3.0,4.0
7,DIIDW:1989325910,1,1.0,1.0
8,DIIDW:1993143687,0,2.0,1.0
9,DIIDW:1997502419,3,4.0,3.5
10,DIIDW:1998296334,9,3.0,6.0
11,DIIDW:2000180940,57,23.0,40.0
12,DIIDW:2000577952,14,9.0,11.5
13,DIIDW:1983B7871K,1,2.0,1.5
14,DIIDW:2000643793,7,4.0,5.5
15,DIIDW:2002306853,15,5.0,10.0
16,DIIDW:1997434026,19,3.0,11.0
17,DIIDW:1991288229,4,2.0,3.0
18,DIIDW:1997020476,3,3.0,3.0
19,DIIDW:1994332574,3,1.0,2.0
20,DIIDW:1998286018,13,7.0,10.0
21,DIIDW:2002114000,22,16.0,19.0
22,DIIDW:2002517252,17,3.0,10.0
23,DIIDW:1998436630,17,7.0,12.0
24,DIIDW:2001648089,57,27.0,42.0
25,DIIDW:2003776121,11,11.0,11.0
26,DIIDW:2002225753,16,9.0,12.5
27,DIIDW:1997363024,5,7.0,6.0
28,DIIDW:2003340693,1,4.0,2.5
29,DIIDW:2003398490,6,4.0,5.0
30,DIIDW:2000421658,0,2.0,1.0
31,DIIDW:2004009578,5,4.0,4.5
32,DIIDW:2005170813,23,16.0,19.5
33,DIIDW:1999384169,2,1.0,1.5
34,DIIDW:2006054465,8,5.0,6.5
35,DIIDW:2002004558,4,5.0,4.5
36,DIIDW:1999575613,2,2.0,2.0
37,DIIDW:2007198079,0,3.0,1.5
38,DIIDW:2002599623,0,2.0,1.0
39,DIIDW:2010Q57432,13,6.0,9.5
40,DIIDW:2008N72703,6,2.0,4.0
41,DIIDW:2010A49844,7,5.0,6.0
42,DIIDW:2007480878,5,3.0,4.0
43,DIIDW:2001516630,22,6.0,14.0
44,DIIDW:2009Q71749,35,6.0,20.5
45,DIIDW:2007331819,36,8.0,22.0
46,DIIDW:1998125661,22,1.0,11.5
47,DIIDW:1998009564,7,12.0,9.5
48,DIIDW:2005387443,13,5.0,9.0
49,DIIDW:2008F88524,3,4.0,3.5
50,DIIDW:2005312726,1,3.0,2.0
51,DIIDW:2007607147,0,3.0,1.5
52,DIIDW:2008A48809,14,5.0,9.5
53,DIIDW:2008B91357,4,2.0,3.0
54,DIIDW:1998017158,0,1.0,0.5
55,DIIDW:2008E59821,3,1.0,2.0
56,DIIDW:2006249452,15,3.0,9.0
57,DIIDW:1991134549,8,1.0,4.5
58,DIIDW:2006098432,10,3.0,6.5
59,DIIDW:2008N87778,1,1.0,1.0
60,DIIDW:2008E84757,1,5.0,3.0
61,DIIDW:2005492556,5,6.0,5.5
62,DIIDW:2007696405,2,1.0,1.5
63,DIIDW:2003847298,2,2.0,2.0
64,DIIDW:1998155264,2,1.0,1.5
65,DIIDW:1996496820,2,1.0,1.5
66,DIIDW:2003829482,0,1.0,0.5
67,DIIDW:1996361754,0,1.0,0.5
68,DIIDW:2009E82357,0,1.0,0.5
69,DIIDW:2007236408,0,1.0,0.5
70,DIIDW:2005160645,1,1.0,1.0
71,DIIDW:2009H43350,0,1.0,0.5
72,DIIDW:2008K27178,35,22.0,28.5
73,DIIDW:2006596057,10,5.0,7.5
74,DIIDW:2010L09769,0,1.0,0.5
75,DIIDW:1999517668,27,9.0,18.0
76,DIIDW:2009P09908,0,1.0,0.5
77,DIIDW:2003179222,0,1.0,0.5
78,DIIDW:2010Q41453,0,1.0,0.5
79,DIIDW:2008F53768,3,2.0,2.5
80,DIIDW:2008F65230,3,3.0,3.0
81,DIIDW:2005008153,0,3.0,1.5
82,DIIDW:2009G98681,10,5.0,7.5
83,DIIDW:2009H63333,24,12.0,18.0
84,DIIDW:2009G40471,11,4.0,7.5
85,DIIDW:2010N20934,1,1.0,1.0
86,DIIDW:2010M72157,1,2.0,1.5
87,DIIDW:2010A07131,0,1.0,0.5
88,DIIDW:2009Q89446,14,12.0,13.0
89,DIIDW:2009F15418,0,2.0,1.0
90,DIIDW:2011D01432,0,1.0,0.5
91,DIIDW:2007842464,24,12.0,18.0
92,DIIDW:2003379133,7,3.0,5.0
93,DIIDW:2004601932,27,12.0,19.5
94,DIIDW:2009J94321,18,10.0,14.0
95,DIIDW:2008E26184,16,6.0,11.0
96,DIIDW:2000671793,0,3.0,1.5
97,DIIDW:2009E31618,11,10.0,10.5
98,DIIDW:2007047094,1,1.0,1.0
99,DIIDW:2010C66916,6,2.0,4.0
100,DIIDW:2010E22933,12,4.0,8.0
101,DIIDW:2011F99396,1,1.0,1.0
102,DIIDW:2009G99118,13,7.0,10.0
103,DIIDW:2010J54273,16,4.0,10.0
104,DIIDW:2007323758,2,3.0,2.5
105,DIIDW:2008D95955,6,4.0,5.0
106,DIIDW:2010K68633,5,3.0,4.0
107,DIIDW:2010K68636,2,3.0,2.5
108,DIIDW:2010K71586,2,2.0,2.0
109,DIIDW:1983730247,5,3.0,4.0
110,DIIDW:2011D37527,4,3.0,3.5
111,DIIDW:2003319662,8,7.0,7.5
112,DIIDW:2009L09244,4,3.0,3.5
113,DIIDW:2011K68142,1,1.0,1.0
114,DIIDW:2011A45488,14,7.0,10.5
115,DIIDW:2009L65067,12,6.0,9.0
116,DIIDW:2010L02293,15,9.0,12.0
117,DIIDW:2008E91483,4,8.0,6.0
118,DIIDW:2011G62666,8,7.0,7.5
119,DIIDW:2008F27273,0,1.0,0.5
120,DIIDW:2008J94995,0,1.0,0.5
121,DIIDW:2008A35076,1,3.0,2.0
122,DIIDW:2010N14757,13,2.0,7.5
123,DIIDW:2009H28089,1,3.0,2.0
124,DIIDW:2001041061,0,1.0,0.5
125,DIIDW:2010N14388,6,5.0,5.5
126,DIIDW:2012E93277,3,1.0,2.0
127,DIIDW:2008F90275,3,2.0,2.5
128,DIIDW:2006030690,11,5.0,8.0
129,DIIDW:2011H90804,1,2.0,1.5
130,DIIDW:2009N05288,2,4.0,3.0
131,DIIDW:2005456510,1,1.0,1.0
132,DIIDW:2011A44198,9,10.0,9.5
133,DIIDW:2012D92914,3,2.0,2.5
134,DIIDW:2008G12892,5,3.0,4.0
135,DIIDW:2006559196,0,1.0,0.5
136,DIIDW:2004394509,5,2.0,3.5
137,DIIDW:2010F06089,2,3.0,2.5
138,DIIDW:2012B71886,0,1.0,0.5
139,DIIDW:1999478670,1,1.0,1.0
140,DIIDW:2011C89980,1,1.0,1.0
141,DIIDW:1997387382,2,1.0,1.5
142,DIIDW:2011N71294,0,2.0,1.0
143,DIIDW:2009E95642,4,2.0,3.0
144,DIIDW:2012K16552,0,1.0,0.5
145,DIIDW:2012J39833,3,2.0,2.5
146,DIIDW:2011A98745,0,1.0,0.5
147,DIIDW:2011J46491,3,1.0,2.0
148,DIIDW:2011K97715,1,1.0,1.0
149,DIIDW:2006702376,2,2.0,2.0
150,DIIDW:2009M19022,3,2.0,2.5
151,DIIDW:2010F96700,0,2.0,1.0
152,DIIDW:2007873376,0,3.0,1.5
153,DIIDW:2011F44696,6,6.0,6.0
154,DIIDW:2011K97784,0,1.0,0.5
155,DIIDW:2009E71632,3,1.0,2.0
156,DIIDW:2006319443,4,2.0,3.0
157,DIIDW:2007223695,3,2.0,2.5
158,DIIDW:2012B43885,6,5.0,5.5
159,DIIDW:2011G67187,6,3.0,4.5
160,DIIDW:2010H37338,1,1.0,1.0
161,DIIDW:2013F21821,1,1.0,1.0
162,DIIDW:2009H95634,7,8.0,7.5
163,DIIDW:2003618160,5,3.0,4.0
164,DIIDW:2012B34037,4,2.0,3.0
165,DIIDW:2012H87741,1,2.0,1.5
166,DIIDW:2011L11355,1,1.0,1.0
167,DIIDW:2012A71438,18,8.0,13.0
168,DIIDW:2010A42415,0,2.0,1.0
169,DIIDW:2012B84216,6,5.0,5.5
170,DIIDW:2003706558,0,1.0,0.5
171,DIIDW:2011H84128,2,2.0,2.0
172,DIIDW:2011F56786,4,6.0,5.0
173,DIIDW:2013B66209,1,1.0,1.0
174,DIIDW:2011P99715,1,1.0,1.0
175,DIIDW:2007824415,0,1.0,0.5
176,DIIDW:2010D57585,0,1.0,0.5
177,DIIDW:2010A15345,0,2.0,1.0
178,DIIDW:2010L06577,0,2.0,1.0
179,DIIDW:2012L49498,0,2.0,1.0
180,DIIDW:2011P85431,2,2.0,2.0
181,DIIDW:2012G96600,0,5.0,2.5
182,DIIDW:2013J75813,0,1.0,0.5
183,DIIDW:2013E10574,2,2.0,2.0
184,DIIDW:2013K58177,2,1.0,1.5
185,DIIDW:2010L36959,1,1.0,1.0
186,DIIDW:2011A38695,8,5.0,6.5
187,DIIDW:2014N67310,13,1.0,7.0
188,DIIDW:2012B49759,18,8.0,13.0
189,DIIDW:2007291443,16,2.0,9.0
190,DIIDW:2009H20373,25,14.0,19.5
191,DIIDW:2013F07199,18,13.0,15.5
192,DIIDW:2012B60441,18,9.0,13.5
193,DIIDW:2013F07294,9,6.0,7.5
194,DIIDW:2011P84139,10,13.0,11.5
195,DIIDW:2011K26534,1,1.0,1.0
196,DIIDW:2013H45274,1,1.0,1.0
197,DIIDW:2013D91804,0,2.0,1.0
198,DIIDW:2009H79246,0,1.0,0.5
199,DIIDW:2011G29579,1,3.0,2.0
200,DIIDW:2011G67188,4,3.0,3.5
201,DIIDW:2009L06081,9,3.0,6.0
202,DIIDW:2011Q33362,8,2.0,5.0
203,DIIDW:2008A80571,2,2.0,2.0
204,DIIDW:2005759986,0,1.0,0.5
205,DIIDW:2005759987,0,1.0,0.5
206,DIIDW:2011M80267,7,2.0,4.5
207,DIIDW:2013U35947,7,4.0,5.5
208,DIIDW:2012L33076,1,2.0,1.5
209,DIIDW:2013D50524,0,3.0,1.5
210,DIIDW:2011F18309,3,3.0,3.0
211,DIIDW:2013M45460,1,1.0,1.0
212,DIIDW:2008M92292,0,1.0,0.5
213,DIIDW:2005652269,0,3.0,1.5
214,DIIDW:2012H56413,0,2.0,1.0
215,DIIDW:2011H38910,3,1.0,2.0
216,DIIDW:2010Q33806,4,5.0,4.5
217,DIIDW:2012H92143,1,1.0,1.0
218,DIIDW:2012R45956,12,12.0,12.0
219,DIIDW:2013E54975,2,5.0,3.5
220,DIIDW:2011F33048,0,1.0,0.5
221,DIIDW:2005633132,5,3.0,4.0
222,DIIDW:2012K88223,1,1.0,1.0
223,DIIDW:2010E26837,3,2.0,2.5
224,DIIDW:2013J62296,8,3.0,5.5
225,DIIDW:2005249911,4,2.0,3.0
226,DIIDW:2009G15326,0,3.0,1.5
227,DIIDW:2008G06815,8,6.0,7.0
228,DIIDW:2013A67524,2,2.0,2.0
229,DIIDW:2014A33151,3,2.0,2.5
230,DIIDW:2012A73557,4,3.0,3.5
231,DIIDW:2012Q02775,5,5.0,5.0
232,DIIDW:2012J05532,0,1.0,0.5
233,DIIDW:2012N69291,0,3.0,1.5
234,DIIDW:2012N55435,2,1.0,1.5
235,DIIDW:2012P15472,0,1.0,0.5
236,DIIDW:2012N55432,2,2.0,2.0
237,DIIDW:2011K81887,5,4.0,4.5
238,DIIDW:2014A04367,0,1.0,0.5
239,DIIDW:2012C47244,2,2.0,2.0
240,DIIDW:2012Q01891,2,1.0,1.5
241,DIIDW:2012N90257,2,1.0,1.5
242,DIIDW:2012N69289,1,2.0,1.5
243,DIIDW:2009E94511,0,1.0,0.5
244,DIIDW:2008G08614,0,1.0,0.5
245,DIIDW:2010C88928,6,3.0,4.5
246,DIIDW:2014F40380,0,1.0,0.5
247,DIIDW:2012G99545,0,3.0,1.5
248,DIIDW:2010P71223,1,1.0,1.0
249,DIIDW:2014C01205,0,1.0,0.5
250,DIIDW:2014D52815,0,1.0,0.5
251,DIIDW:2014L17828,2,1.0,1.5
252,DIIDW:2014K20739,7,3.0,5.0
253,DIIDW:2013Q97576,5,3.0,4.0
254,DIIDW:2012D26559,0,1.0,0.5
255,DIIDW:2013J45459,16,8.0,12.0
256,DIIDW:2010J67275,2,1.0,1.5
257,DIIDW:2010J67824,2,1.0,1.5
258,DIIDW:2010K51002,4,1.0,2.5
259,DIIDW:1996312284,0,1.0,0.5
260,DIIDW:2007624826,0,2.0,1.0
261,DIIDW:2009F21193,2,2.0,2.0
262,DIIDW:2010M42975,21,9.0,15.0
263,DIIDW:2013E51308,0,1.0,0.5
264,DIIDW:2008F66487,5,1.0,3.0
265,DIIDW:2014C80962,0,1.0,0.5
266,DIIDW:2013H03909,1,2.0,1.5
267,DIIDW:2013G84360,17,8.0,12.5
268,DIIDW:2013P83179,3,3.0,3.0
269,DIIDW:2011H38470,0,2.0,1.0
270,DIIDW:2011F85647,7,5.0,6.0
271,DIIDW:2012M80585,3,2.0,2.5
272,DIIDW:2005650169,3,2.0,2.5
273,DIIDW:2013K27540,13,6.0,9.5
274,DIIDW:2012M39212,18,7.0,12.5
275,DIIDW:2010J42488,13,3.0,8.0
276,DIIDW:2009H62558,16,2.0,9.0
277,DIIDW:2012A52388,1,3.0,2.0
278,DIIDW:2010B58871,0,1.0,0.5
279,DIIDW:2013E47496,6,2.0,4.0
280,DIIDW:2013G46432,4,2.0,3.0
281,DIIDW:2012R42988,0,1.0,0.5
282,DIIDW:2013H27199,4,1.0,2.5
283,DIIDW:2013C01787,6,9.0,7.5
284,DIIDW:2011A37300,1,1.0,1.0
285,DIIDW:2011B77341,1,2.0,1.5
286,DIIDW:2000130320,1,1.0,1.0
287,DIIDW:2003247383,1,2.0,1.5
288,DIIDW:2012C49821,0,3.0,1.5
289,DIIDW:2014N09206,3,1.0,2.0
290,DIIDW:2013V62344,10,5.0,7.5
291,DIIDW:2013V05254,13,6.0,9.5
292,DIIDW:2013L20774,0,2.0,1.0
293,DIIDW:2014M25057,2,3.0,2.5
294,DIIDW:2003141060,2,3.0,2.5
295,DIIDW:2013S55735,1,2.0,1.5
296,DIIDW:2014P25824,1,2.0,1.5
297,DIIDW:2014P25829,0,1.0,0.5
298,DIIDW:2014R15133,0,1.0,0.5
299,DIIDW:2008L68061,0,1.0,0.5
300,DIIDW:2012H60243,0,3.0,1.5
301,DIIDW:2014C65188,2,2.0,2.0
302,DIIDW:2011H78879,3,2.0,2.5
303,DIIDW:2009H62894,2,4.0,3.0
304,DIIDW:2011A71737,0,1.0,0.5
305,DIIDW:2009M79683,2,2.0,2.0
306,DIIDW:2011E05381,0,1.0,0.5
307,DIIDW:2004504694,0,2.0,1.0
308,DIIDW:2000593155,0,2.0,1.0
309,DIIDW:2014C79330,1,3.0,2.0
310,DIIDW:2014D54546,1,3.0,2.0
311,DIIDW:201500054E,2,1.0,1.5
312,DIIDW:2005442258,0,1.0,0.5
313,DIIDW:201500935F,1,1.0,1.0
314,DIIDW:2014E82327,1,2.0,1.5
315,DIIDW:2011J97107,1,4.0,2.5
316,DIIDW:2014D14960,7,6.0,6.5
317,DIIDW:2013U10263,0,2.0,1.0
318,DIIDW:2014U59207,0,2.0,1.0
319,DIIDW:1999157549,6,1.0,3.5
320,DIIDW:2013R43093,2,1.0,1.5
321,DIIDW:2012H63398,1,2.0,1.5
322,DIIDW:2013B81408,2,2.0,2.0
323,DIIDW:2014T18514,3,3.0,3.0
324,DIIDW:2011B76177,0,3.0,1.5
325,DIIDW:2003828866,0,1.0,0.5
326,DIIDW:2013C62032,1,3.0,2.0
327,DIIDW:2013E67708,0,1.0,0.5
328,DIIDW:2014E00988,13,13.0,13.0
329,DIIDW:2014W18860,1,1.0,1.0
330,DIIDW:2012H96599,3,2.0,2.5
331,DIIDW:2013W83115,3,4.0,3.5
332,DIIDW:2013P01244,5,3.0,4.0
333,DIIDW:2011G83873,1,1.0,1.0
334,DIIDW:2008H90442,1,1.0,1.0
335,DIIDW:2013N00861,1,2.0,1.5
336,DIIDW:1997132059,1,1.0,1.0
337,DIIDW:2012F59611,3,2.0,2.5
338,DIIDW:2009K93537,0,1.0,0.5
339,DIIDW:2014W69744,2,2.0,2.0
340,DIIDW:2012C02279,0,1.0,0.5
341,DIIDW:2014R61598,6,4.0,5.0
342,DIIDW:2011G87449,1,1.0,1.0
343,DIIDW:2008F49855,5,3.0,4.0
344,DIIDW:2007813610,0,1.0,0.5
345,DIIDW:2014Q82090,0,1.0,0.5
346,DIIDW:2012J13918,5,3.0,4.0
347,DIIDW:2012F59970,0,2.0,1.0
348,DIIDW:2013W53091,0,1.0,0.5
349,DIIDW:2012N92424,0,1.0,0.5
350,DIIDW:2013U05272,12,2.0,7.0
351,DIIDW:2013U40088,10,2.0,6.0
352,DIIDW:2014N44902,30,14.0,22.0
353,DIIDW:201506850N,9,1.0,5.0
354,DIIDW:2014N01992,19,12.0,15.5
355,DIIDW:2001294825,0,2.0,1.0
356,DIIDW:1999291749,0,1.0,0.5
357,DIIDW:2013H52727,0,1.0,0.5
358,DIIDW:201510175F,1,1.0,1.0
359,DIIDW:2013E41399,0,2.0,1.0
360,DIIDW:2012B84214,7,4.0,5.5
361,DIIDW:2014S60094,3,2.0,2.5
362,DIIDW:2013P72157,3,2.0,2.5
363,DIIDW:2011G35589,3,2.0,2.5
364,DIIDW:2013V46009,3,1.0,2.0
365,DIIDW:2014C80963,8,2.0,5.0
366,DIIDW:2014H28195,8,5.0,6.5
367,DIIDW:201523740X,0,1.0,0.5
368,DIIDW:2013P48554,1,1.0,1.0
369,DIIDW:2009E15299,1,1.0,1.0
370,DIIDW:2013S75352,0,1.0,0.5
371,DIIDW:2015128916,4,2.0,3.0
372,DIIDW:2014M25828,2,3.0,2.5
373,DIIDW:2014Q63222,4,6.0,5.0
374,DIIDW:2014L43555,2,2.0,2.0
375,DIIDW:2015237034,3,1.0,2.0
376,DIIDW:2014T83987,3,2.0,2.5
377,DIIDW:2014V05454,6,5.0,5.5
378,DIIDW:2012L03788,0,5.0,2.5
379,DIIDW:2014W72956,10,9.0,9.5
380,DIIDW:2014S50462,7,3.0,5.0
381,DIIDW:2014Q29588,3,8.0,5.5
382,DIIDW:2014A44111,1,4.0,2.5
383,DIIDW:2013B63137,0,1.0,0.5
384,DIIDW:2013D62478,2,5.0,3.5
385,DIIDW:2014L91403,2,2.0,2.0
386,DIIDW:2015311350,2,1.0,1.5
387,DIIDW:2015277249,0,1.0,0.5
388,DIIDW:2014C94171,0,1.0,0.5
389,DIIDW:2012Q16311,2,3.0,2.5
390,DIIDW:2010G79317,0,1.0,0.5
391,DIIDW:2012F59609,0,1.0,0.5
392,DIIDW:2012K65493,1,1.0,1.0
393,DIIDW:2014A21917,0,1.0,0.5
394,DIIDW:2010N14393,0,1.0,0.5
395,DIIDW:2013P72255,0,1.0,0.5
396,DIIDW:2012J71003,1,2.0,1.5
397,DIIDW:2015327830,1,1.0,1.0
398,DIIDW:2013H27580,0,1.0,0.5
399,DIIDW:2009G45981,1,1.0,1.0
400,DIIDW:2008E56969,0,1.0,0.5
401,DIIDW:2013V26833,0,1.0,0.5
402,DIIDW:2014C03055,1,4.0,2.5
403,DIIDW:2006030689,0,2.0,1.0
404,DIIDW:2010F60322,0,3.0,1.5
405,DIIDW:2002507152,0,2.0,1.0
406,DIIDW:2015349271,0,1.0,0.5
407,DIIDW:2015200353,8,4.0,6.0
408,DIIDW:2014F72453,2,4.0,3.0
409,DIIDW:2014M63284,4,8.0,6.0
410,DIIDW:2012M88846,3,3.0,3.0
411,DIIDW:2013H72611,5,5.0,5.0
412,DIIDW:201575686Y,1,1.0,1.0
413,DIIDW:2014Q66816,1,2.0,1.5
414,DIIDW:2014U18779,3,3.0,3.0
415,DIIDW:2014U16479,1,1.0,1.0
416,DIIDW:2014M64427,6,4.0,5.0
417,DIIDW:2013K73611,4,4.0,4.0
418,DIIDW:2014F10323,0,2.0,1.0
419,DIIDW:2014B40320,11,5.0,8.0
420,DIIDW:201555803L,9,3.0,6.0
421,DIIDW:2014P25844,7,2.0,4.5
422,DIIDW:201555696C,2,1.0,1.5
423,DIIDW:2015511144,6,4.0,5.0
424,DIIDW:2014W70105,0,1.0,0.5
425,DIIDW:2014F60486,1,4.0,2.5
426,DIIDW:2013W58239,0,1.0,0.5
427,DIIDW:2013V60265,0,2.0,1.0
428,DIIDW:2014M62853,0,2.0,1.0
429,DIIDW:2014W16096,0,1.0,0.5
430,DIIDW:2005222952,0,2.0,1.0
431,DIIDW:2014M74060,1,2.0,1.5
432,DIIDW:2011H90802,1,4.0,2.5
433,DIIDW:2011H90803,0,1.0,0.5
434,DIIDW:2009A82113,1,1.0,1.0
435,DIIDW:2014M74061,1,1.0,1.0
436,DIIDW:2014M74080,1,2.0,1.5
437,DIIDW:2013T01594,1,3.0,2.0
438,DIIDW:2013S99953,0,2.0,1.0
439,DIIDW:2014M74078,0,2.0,1.0
440,DIIDW:2014M74076,0,1.0,0.5
441,DIIDW:201555803M,0,1.0,0.5
442,DIIDW:2014H09048,0,3.0,1.5
443,DIIDW:2013V81056,1,2.0,1.5
444,DIIDW:2013F48652,0,1.0,0.5
445,DIIDW:201550338W,0,1.0,0.5
446,DIIDW:2010M22923,0,1.0,0.5
447,DIIDW:2013F07295,1,1.0,1.0
448,DIIDW:2013P83182,0,3.0,1.5
449,DIIDW:2014V33259,0,5.0,2.5
450,DIIDW:201532087U,0,1.0,0.5
451,DIIDW:201567039Y,1,1.0,1.0
452,DIIDW:2015088020,6,7.0,6.5
453,DIIDW:201554288X,7,4.0,5.5
454,DIIDW:2012E44647,1,2.0,1.5
455,DIIDW:2010K09071,0,1.0,0.5
456,DIIDW:2015637183,1,1.0,1.0
457,DIIDW:2014C01105,2,2.0,2.0
458,DIIDW:2014S38329,1,4.0,2.5
459,DIIDW:201504591J,1,4.0,2.5
460,DIIDW:2014A53976,1,2.0,1.5
461,DIIDW:2014N40071,1,1.0,1.0
462,DIIDW:2014D14428,4,3.0,3.5
463,DIIDW:201531897E,0,1.0,0.5
464,DIIDW:201541566H,6,7.0,6.5
465,DIIDW:2015648085,1,1.0,1.0
466,DIIDW:2008M03418,3,1.0,2.0
467,DIIDW:2014U04609,0,1.0,0.5
468,DIIDW:2014S37562,0,2.0,1.0
469,DIIDW:201561258T,1,1.0,1.0
470,DIIDW:2012D58768,1,1.0,1.0
471,DIIDW:2011J91617,1,1.0,1.0
472,DIIDW:201501047H,1,1.0,1.0
473,DIIDW:2015619154,1,1.0,1.0
474,DIIDW:2013P47682,2,2.0,2.0
475,DIIDW:2015736439,0,1.0,0.5
476,DIIDW:2015091328,1,3.0,2.0
477,DIIDW:2009L06083,0,1.0,0.5
478,DIIDW:201518709C,2,4.0,3.0
479,DIIDW:2004362020,2,2.0,2.0
480,DIIDW:2011B25567,1,2.0,1.5
481,DIIDW:2015724644,1,1.0,1.0
482,DIIDW:201576064A,0,1.0,0.5
483,DIIDW:2013M69140,0,3.0,1.5
484,DIIDW:201567437U,1,1.0,1.0
485,DIIDW:201525321E,1,3.0,2.0
486,DIIDW:2009M16515,0,1.0,0.5
487,DIIDW:201508956E,3,2.0,2.5
488,DIIDW:2015436241,1,2.0,1.5
489,DIIDW:2015742923,0,1.0,0.5
490,DIIDW:201523890H,0,2.0,1.0
491,DIIDW:2006663907,3,2.0,2.5
492,DIIDW:201543338B,1,6.0,3.5
493,DIIDW:201600655U,0,1.0,0.5
494,DIIDW:2016125966,0,2.0,1.0
495,DIIDW:2016065347,0,2.0,1.0
496,DIIDW:201531165M,0,2.0,1.0
497,DIIDW:2015098215,1,8.0,4.5
498,DIIDW:2012N85538,0,4.0,2.0
499,DIIDW:2013J44225,2,6.0,4.0
500,DIIDW:2000582031,0,2.0,1.0
501,DIIDW:2014R25019,0,3.0,1.5
502,DIIDW:201583507L,2,1.0,1.5
503,DIIDW:2006336542,0,1.0,0.5
504,DIIDW:2013L24296,0,3.0,1.5
505,DIIDW:2009Q70516,0,1.0,0.5
506,DIIDW:2015138309,0,1.0,0.5
507,DIIDW:201623727F,1,2.0,1.5
508,DIIDW:2011M99270,1,1.0,1.0
509,DIIDW:2016161675,0,1.0,0.5
510,DIIDW:2011K33142,0,1.0,0.5
511,DIIDW:2013U48482,0,1.0,0.5
512,DIIDW:201531511X,0,1.0,0.5
513,DIIDW:201505490R,0,3.0,1.5
514,DIIDW:201505433B,0,1.0,0.5
515,DIIDW:201511827C,1,3.0,2.0
516,DIIDW:201565580U,1,2.0,1.5
517,DIIDW:2013D83658,1,1.0,1.0
518,DIIDW:201558126L,1,1.0,1.0
519,DIIDW:201631083X,0,1.0,0.5
520,DIIDW:2016310840,0,1.0,0.5
521,DIIDW:2013D85051,0,2.0,1.0
522,DIIDW:2014T19425,0,2.0,1.0
523,DIIDW:2014T79642,0,3.0,1.5
524,DIIDW:2015505149,0,1.0,0.5
525,DIIDW:2015607790,3,6.0,4.5
526,DIIDW:2014U31297,0,1.0,0.5
527,DIIDW:2016322900,0,1.0,0.5
528,DIIDW:201551833M,0,1.0,0.5
529,DIIDW:2014N72512,0,1.0,0.5
530,DIIDW:2014H09044,0,3.0,1.5
531,DIIDW:201547329T,0,2.0,1.0
532,DIIDW:201529956K,0,1.0,0.5
533,DIIDW:201654993E,0,1.0,0.5
534,DIIDW:201602937V,2,2.0,2.0
535,DIIDW:2012Q64997,3,1.0,2.0
536,DIIDW:201641759H,0,1.0,0.5
537,DIIDW:2014L93102,4,1.0,2.5
538,DIIDW:2014J90047,4,1.0,2.5
539,DIIDW:201558126P,0,2.0,1.0
540,DIIDW:2008J66820,0,1.0,0.5
541,DIIDW:201545730D,0,1.0,0.5
542,DIIDW:201513805B,1,1.0,1.0
543,DIIDW:2011N56132,0,2.0,1.0
544,DIIDW:201529970X,1,1.0,1.0
545,DIIDW:2013P72262,0,2.0,1.0
546,DIIDW:2013Q17198,0,2.0,1.0
547,DIIDW:2013F97804,0,1.0,0.5
548,DIIDW:2014H01844,1,2.0,1.5
549,DIIDW:2015187182,0,4.0,2.0
550,DIIDW:2016052991,0,2.0,1.0
551,DIIDW:2008L70279,0,1.0,0.5
552,DIIDW:2014F30199,2,4.0,3.0
553,DIIDW:2014V86368,0,1.0,0.5
554,DIIDW:201583507N,0,2.0,1.0
555,DIIDW:2013P65097,0,1.0,0.5
556,DIIDW:2014V85611,0,10.0,5.0
557,DIIDW:2013Q95498,1,2.0,1.5
558,DIIDW:2014V85608,1,1.0,1.0
559,DIIDW:201602832D,2,2.0,2.0
560,DIIDW:201651521T,0,1.0,0.5
561,DIIDW:2009Q10274,0,2.0,1.0
562,DIIDW:2011B69790,0,2.0,1.0
563,DIIDW:2015794367,0,2.0,1.0
564,DIIDW:201569816S,3,4.0,3.5
565,DIIDW:2014G77404,0,1.0,0.5
566,DIIDW:2013V45992,0,2.0,1.0
567,DIIDW:2014U52622,0,1.0,0.5
568,DIIDW:2012Q92189,0,1.0,0.5
569,DIIDW:201658290N,0,1.0,0.5
570,DIIDW:2015397736,0,1.0,0.5
571,DIIDW:2013S25065,1,1.0,1.0
572,DIIDW:201618105T,1,4.0,2.5
573,DIIDW:201535722H,0,2.0,1.0
574,DIIDW:2013U35963,0,2.0,1.0
575,DIIDW:201580326C,2,3.0,2.5
576,DIIDW:2014C03051,0,1.0,0.5
577,DIIDW:2014V07792,0,1.0,0.5
578,DIIDW:2012H74983,0,1.0,0.5
579,DIIDW:201531897B,0,2.0,1.0
580,DIIDW:2015630198,1,2.0,1.5
581,DIIDW:201619481G,1,3.0,2.0
582,DIIDW:201554137K,0,1.0,0.5
583,DIIDW:201639834J,0,1.0,0.5
584,DIIDW:201639834K,0,2.0,1.0
585,DIIDW:201649074T,0,1.0,0.5
586,DIIDW:201539419B,1,1.0,1.0
587,DIIDW:2016766656,0,1.0,0.5
588,DIIDW:2014T19432,0,2.0,1.0
589,DIIDW:201664131K,0,1.0,0.5
590,DIIDW:201674387K,2,1.0,1.5
591,DIIDW:2014K53570,3,1.0,2.0
592,DIIDW:2008M74467,4,2.0,3.0
593,DIIDW:201649074U,3,2.0,2.5
594,DIIDW:201556806M,2,4.0,3.0
595,DIIDW:201565799T,2,3.0,2.5
596,DIIDW:201550101V,0,1.0,0.5
597,DIIDW:2012N46325,0,1.0,0.5
598,DIIDW:2008N69565,0,1.0,0.5
599,DIIDW:2015690029,1,1.0,1.0
600,DIIDW:2016287702,0,3.0,1.5
601,DIIDW:2014B74446,0,1.0,0.5
602,DIIDW:201715609X,0,1.0,0.5
603,DIIDW:201656614U,1,1.0,1.0
604,DIIDW:2014N33185,0,1.0,0.5
605,DIIDW:2016080089,2,1.0,1.5
606,DIIDW:2015607796,2,2.0,2.0
607,DIIDW:201705423M,2,1.0,1.5
608,DIIDW:201652092A,4,2.0,3.0
609,DIIDW:2012B87676,0,1.0,0.5
610,DIIDW:2014D75201,0,1.0,0.5
611,DIIDW:2012N43392,0,1.0,0.5
612,DIIDW:2013S64868,0,1.0,0.5
613,DIIDW:201513674G,1,1.0,1.0
614,DIIDW:1998086405,0,1.0,0.5
615,DIIDW:201661530U,0,1.0,0.5
616,DIIDW:2013J12925,0,1.0,0.5
617,DIIDW:201720855K,0,1.0,0.5
618,DIIDW:201640659M,0,6.0,3.0
619,DIIDW:201644392F,0,1.0,0.5
620,DIIDW:201577434K,0,2.0,1.0
621,DIIDW:201702589A,0,1.0,0.5
622,DIIDW:201640732L,0,2.0,1.0
623,DIIDW:2017035830,0,1.0,0.5
624,DIIDW:2014T49740,0,1.0,0.5
625,DIIDW:2012N79451,0,1.0,0.5
626,DIIDW:201677138G,0,1.0,0.5
627,DIIDW:201628232Q,1,1.0,1.0
628,DIIDW:201672649R,1,1.0,1.0
629,DIIDW:201561234R,1,3.0,2.0
630,DIIDW:201567671K,2,1.0,1.5
631,DIIDW:2016707526,2,2.0,2.0
632,DIIDW:201559837J,2,1.0,1.5
633,DIIDW:2007835559,0,2.0,1.0
634,DIIDW:201508834G,0,1.0,0.5
635,DIIDW:201606800W,0,2.0,1.0
636,DIIDW:201522162N,0,1.0,0.5
637,DIIDW:2016302773,0,2.0,1.0
638,DIIDW:2015095675,1,1.0,1.0
639,DIIDW:201671715D,1,1.0,1.0
640,DIIDW:2008N09510,0,1.0,0.5
641,DIIDW:2009N83826,0,1.0,0.5
642,DIIDW:2013P48555,1,1.0,1.0
643,DIIDW:201541992U,0,2.0,1.0
644,DIIDW:2012C70240,0,1.0,0.5
645,DIIDW:2013Q28285,0,1.0,0.5
646,DIIDW:201702538U,0,1.0,0.5
647,DIIDW:201564219H,0,1.0,0.5
648,DIIDW:2013R60431,0,2.0,1.0
649,DIIDW:2012B62662,0,1.0,0.5
650,DIIDW:2013H64381,0,1.0,0.5
651,DIIDW:2016243831,0,3.0,1.5
652,DIIDW:2016529896,0,2.0,1.0
653,DIIDW:201661530W,0,1.0,0.5
654,DIIDW:201725128Y,0,1.0,0.5
655,DIIDW:2010E77758,0,2.0,1.0
656,DIIDW:201572676D,0,1.0,0.5
657,DIIDW:201721776W,0,1.0,0.5
658,DIIDW:2015187588,0,1.0,0.5
659,DIIDW:201558359J,0,1.0,0.5
660,DIIDW:2012P46796,0,1.0,0.5
661,DIIDW:2013Q45054,0,2.0,1.0
662,DIIDW:201613180B,0,1.0,0.5
663,DIIDW:2017282853,0,1.0,0.5
664,DIIDW:201658535Y,0,2.0,1.0
665,DIIDW:201627425A,0,1.0,0.5
666,DIIDW:2017276726,0,1.0,0.5
667,DIIDW:2012H07223,0,2.0,1.0
668,DIIDW:201545860P,0,2.0,1.0
669,DIIDW:2013T01595,0,2.0,1.0
670,DIIDW:201729327Y,0,1.0,0.5
671,DIIDW:2016008490,0,1.0,0.5
672,DIIDW:2015188800,0,2.0,1.0
673,DIIDW:2016301978,0,1.0,0.5
674,DIIDW:201652050U,0,1.0,0.5
675,DIIDW:2016073215,5,2.0,3.5
676,DIIDW:2012K16556,2,1.0,1.5
677,DIIDW:201643171K,0,1.0,0.5
678,DIIDW:201537057W,1,2.0,1.5
679,DIIDW:2014D40434,0,1.0,0.5
680,DIIDW:201537393S,0,1.0,0.5
681,DIIDW:201524708S,0,1.0,0.5
682,DIIDW:201626606F,0,4.0,2.0
683,DIIDW:2014R02261,2,2.0,2.0
684,DIIDW:201634163G,2,1.0,1.5
685,DIIDW:2016520929,0,1.0,0.5
686,DIIDW:201626115M,0,1.0,0.5
687,DIIDW:2016298815,1,2.0,1.5
688,DIIDW:2010L41641,0,1.0,0.5
689,DIIDW:201639093L,0,1.0,0.5
690,DIIDW:2015479924,0,1.0,0.5
691,DIIDW:2014P28601,0,1.0,0.5
692,DIIDW:201730607D,0,1.0,0.5
693,DIIDW:201736703B,0,1.0,0.5
694,DIIDW:201550734Y,0,1.0,0.5
695,DIIDW:201729224V,0,1.0,0.5
696,DIIDW:201723290Q,0,1.0,0.5
697,DIIDW:201672587A,0,1.0,0.5
698,DIIDW:201756095B,0,1.0,0.5
699,DIIDW:2014F15798,0,1.0,0.5
700,DIIDW:201643171J,3,4.0,3.5
701,DIIDW:201729200V,0,1.0,0.5
702,DIIDW:2015291690,3,1.0,2.0
703,DIIDW:201668828Q,0,2.0,1.0
704,DIIDW:201565884L,0,1.0,0.5
705,DIIDW:201646554K,0,2.0,1.0
706,DIIDW:201534479B,0,1.0,0.5
707,DIIDW:201649835D,0,1.0,0.5
708,DIIDW:2016476271,0,1.0,0.5
709,DIIDW:2014E53299,0,2.0,1.0
710,DIIDW:201646277C,0,3.0,1.5
711,DIIDW:2013G87274,0,1.0,0.5
712,DIIDW:2017412886,0,1.0,0.5
713,DIIDW:2017531900,0,1.0,0.5
714,DIIDW:2017439570,2,2.0,2.0
715,DIIDW:1987037226,0,1.0,0.5
716,DIIDW:201659187W,0,1.0,0.5
717,DIIDW:201736716M,0,1.0,0.5
718,DIIDW:2017367037,0,1.0,0.5
719,DIIDW:201736716P,0,1.0,0.5
720,DIIDW:201534978K,0,1.0,0.5
721,DIIDW:2017367039,0,1.0,0.5
722,DIIDW:201736703D,0,1.0,0.5
723,DIIDW:2012F45299,0,3.0,1.5
724,DIIDW:201736716T,0,1.0,0.5
725,DIIDW:201645220P,0,2.0,1.0
726,DIIDW:201757808G,0,1.0,0.5
727,DIIDW:2015523763,0,1.0,0.5
728,DIIDW:2010A22460,0,1.0,0.5
729,DIIDW:2014R14611,1,2.0,1.5
730,DIIDW:2015267133,1,1.0,1.0
731,DIIDW:2014U13210,0,2.0,1.0
732,DIIDW:2009R66133,0,1.0,0.5
733,DIIDW:2016241743,0,1.0,0.5
734,DIIDW:201502342X,0,1.0,0.5
735,DIIDW:2015485920,0,1.0,0.5
736,DIIDW:201600387E,0,1.0,0.5
737,DIIDW:2015467991,0,1.0,0.5
738,DIIDW:2016688271,1,1.0,1.0
739,DIIDW:201736750H,0,1.0,0.5
740,DIIDW:201557195C,0,1.0,0.5
741,DIIDW:2016686241,0,1.0,0.5
742,DIIDW:2011A45122,1,2.0,1.5
743,DIIDW:201758583C,0,1.0,0.5
744,DIIDW:201646277E,0,2.0,1.0
745,DIIDW:201646277H,0,2.0,1.0
746,DIIDW:201764426D,0,1.0,0.5
747,DIIDW:2016073214,0,2.0,1.0
748,DIIDW:201603255A,0,1.0,0.5
749,DIIDW:2015467993,0,1.0,0.5
750,DIIDW:2013T01596,0,1.0,0.5
751,DIIDW:2017619864,0,1.0,0.5
752,DIIDW:2015122887,0,1.0,0.5
753,DIIDW:2017577904,0,1.0,0.5
754,DIIDW:2014Q22767,0,1.0,0.5
755,DIIDW:2017367038,0,1.0,0.5
756,DIIDW:2014S58596,0,1.0,0.5
757,DIIDW:2014T19422,0,1.0,0.5
758,DIIDW:2016546961,2,1.0,1.5
759,DIIDW:2016598255,2,1.0,1.5
760,DIIDW:201758583B,0,1.0,0.5
761,DIIDW:2013N56510,0,1.0,0.5
762,DIIDW:2016315916,0,2.0,1.0
763,DIIDW:2017013391,0,1.0,0.5
764,DIIDW:201622085A,1,2.0,1.5
765,DIIDW:2014U67784,1,1.0,1.0
766,DIIDW:2015560361,1,1.0,1.0
767,DIIDW:201569587R,2,2.0,2.0
768,DIIDW:201644029T,0,1.0,0.5
769,DIIDW:2014N75996,0,1.0,0.5
770,DIIDW:201574246R,0,1.0,0.5
771,DIIDW:201631766C,0,1.0,0.5
772,DIIDW:201672811V,0,1.0,0.5
773,DIIDW:2015637185,0,3.0,1.5
774,DIIDW:2017097192,0,1.0,0.5
775,DIIDW:2013K17247,0,1.0,0.5
776,DIIDW:201501667K,0,1.0,0.5
777,DIIDW:2017801032,0,1.0,0.5
778,DIIDW:201537561J,0,3.0,1.5
779,DIIDW:201639834G,0,3.0,1.5
780,DIIDW:2012A73558,0,1.0,0.5
781,DIIDW:2016315918,0,1.0,0.5
782,DIIDW:2017801031,0,1.0,0.5
783,DIIDW:201718480D,0,2.0,1.0
784,DIIDW:201707252T,0,2.0,1.0
785,DIIDW:201556806J,0,1.0,0.5
786,DIIDW:201641671E,0,1.0,0.5
787,DIIDW:2015700020,0,1.0,0.5
788,DIIDW:201550241F,0,1.0,0.5
789,DIIDW:201565852C,0,1.0,0.5
790,DIIDW:201552126B,0,1.0,0.5
791,DIIDW:2013S86636,0,1.0,0.5
792,DIIDW:201715189K,0,1.0,0.5
793,DIIDW:2013X35438,0,1.0,0.5
794,DIIDW:2016688273,0,1.0,0.5
795,DIIDW:201526844B,0,1.0,0.5
796,DIIDW:201619990B,0,1.0,0.5
797,DIIDW:2017216401,0,1.0,0.5
798,DIIDW:201505206K,0,1.0,0.5
799,DIIDW:2013K66356,0,1.0,0.5
800,DIIDW:201562632G,0,1.0,0.5
801,DIIDW:201608296E,0,1.0,0.5
802,DIIDW:201674757V,0,1.0,0.5
803,DIIDW:2014T82290,0,1.0,0.5
804,DIIDW:2004460921,0,1.0,0.5
805,DIIDW:201600414M,0,1.0,0.5
806,DIIDW:201553216S,0,1.0,0.5
807,DIIDW:201542289Y,0,1.0,0.5
808,DIIDW:201741429K,0,1.0,0.5
809,DIIDW:2015711723,0,1.0,0.5
810,DIIDW:201668828P,0,1.0,0.5
811,DIIDW:2010L06580,0,1.0,0.5
812,DIIDW:2014R14622,0,1.0,0.5
813,DIIDW:201552771D,0,4.0,2.0
814,DIIDW:201643462H,0,1.0,0.5
815,DIIDW:201715189Q,0,3.0,1.5
816,DIIDW:2017375999,0,2.0,1.0
817,DIIDW:201705843F,0,2.0,1.0
818,DIIDW:201743876E,0,2.0,1.0
819,DIIDW:201729708F,0,1.0,0.5
820,DIIDW:201757000H,0,1.0,0.5
821,DIIDW:2011H89183,0,1.0,0.5
822,DIIDW:201705843D,0,3.0,1.5
823,DIIDW:201830984E,0,1.0,0.5
824,DIIDW:2017395831,0,2.0,1.0
825,DIIDW:2014P57918,0,2.0,1.0
826,DIIDW:2007023672,0,1.0,0.5
827,DIIDW:201648033X,0,1.0,0.5
828,DIIDW:201707479Q,0,1.0,0.5
829,DIIDW:1998520554,0,1.0,0.5
830,DIIDW:2013F11631,0,1.0,0.5
831,DIIDW:201608910B,0,1.0,0.5
832,DIIDW:2016012646,0,1.0,0.5
833,DIIDW:2012L76950,0,1.0,0.5
834,DIIDW:201815474J,0,1.0,0.5
835,DIIDW:2014K90161,0,1.0,0.5
836,DIIDW:2013N17380,0,1.0,0.5
837,DIIDW:2017552502,0,2.0,1.0
838,DIIDW:201814895Y,1,1.0,1.0
839,DIIDW:201722957U,0,1.0,0.5
840,DIIDW:2016728102,0,1.0,0.5
841,DIIDW:201731334W,0,1.0,0.5
842,DIIDW:2011B40074,0,1.0,0.5
843,DIIDW:2016697071,0,1.0,0.5
844,DIIDW:201734193V,0,1.0,0.5
845,DIIDW:2017434155,0,1.0,0.5
846,DIIDW:201631694Y,0,1.0,0.5
847,DIIDW:201622631V,0,1.0,0.5
848,DIIDW:2012M53951,0,1.0,0.5
849,DIIDW:2016791399,0,1.0,0.5
850,DIIDW:201636342S,0,1.0,0.5
851,DIIDW:201741445W,0,1.0,0.5
852,DIIDW:2014J95889,0,2.0,1.0
853,DIIDW:2014M26001,0,2.0,1.0
